{
  "mean": [
    -0.05766404792666435,
    -0.015340574085712433,
    0.09433805197477341,
    0.00011152262595715001,
    0.0018666876712813973,
    0.003856108756735921,
    -0.14773158729076385,
    -0.009115736000239849,
    0.23495253920555115
  ],
  "std": [
    0.2457921952009201,
    0.22558635473251343,
    0.16881436109542847,
    0.08066603541374207,
    0.08726044744253159,
    0.09267639368772507,
    0.37819111347198486,
    0.1405867636203766,
    0.3154292404651642
  ],
  "p05": [
    -0.46941182017326355,
    -0.5064436197280884,
    -0.1979670524597168,
    -0.14299294352531433,
    -0.14170081913471222,
    -0.13555438816547394,
    -0.9691628217697144,
    -0.3181162178516388,
    -0.16473618149757385
  ],
  "p95": [
    0.38057833909988403,
    0.40674930810928345,
    0.36981824040412903,
    0.14529919624328613,
    0.1713523119688034,
    0.19423094391822815,
    0.28793904185295105,
    0.19366763532161713,
    0.8186216354370117
  ],
  "source": "synthetic demo profile generated by scripts/create_demo_artifacts.py for clean-download inference smoke testing"
}